store_name,reviewr_name,reviewr_id,reviewr_url
グルメ回転寿司 函太郎 宇賀浦本店,oooFe26ooo(196),011898213,https://tabelog.com/rvwr/011898213/
グルメ回転寿司 函太郎 宇賀浦本店,りんりんりりん(856),000422341,https://tabelog.com/rvwr/000422341/
グルメ回転寿司 函太郎 宇賀浦本店,KAKA23(155),003832563,https://tabelog.com/rvwr/003832563/
グルメ回転寿司 函太郎 宇賀浦本店,nobizou(22),000064692,https://tabelog.com/rvwr/000064692/
グルメ回転寿司 函太郎 宇賀浦本店,y.kiwi(265),ykiwi,https://tabelog.com/rvwr/ykiwi/
グルメ回転寿司 函太郎 宇賀浦本店,onikuma(2177),000408801,https://tabelog.com/rvwr/000408801/
グルメ回転寿司 函太郎 宇賀浦本店,い(377),000069817,https://tabelog.com/rvwr/000069817/
グルメ回転寿司 函太郎 宇賀浦本店,くわぞお★(142),kuwazow,https://tabelog.com/rvwr/kuwazow/
グルメ回転寿司 函太郎 宇賀浦本店,田名部 心(250),001363711,https://tabelog.com/rvwr/001363711/
グルメ回転寿司 函太郎 宇賀浦本店,♡ひな祭り♡(29),011100511,https://tabelog.com/rvwr/011100511/
グルメ回転寿司 函太郎 宇賀浦本店,94yuri(422),008398982,https://tabelog.com/rvwr/008398982/
グルメ回転寿司 函太郎 宇賀浦本店,かわうそ氏(599),002579651,https://tabelog.com/rvwr/002579651/
グルメ回転寿司 函太郎 宇賀浦本店,さんどがさ(1498),sandogasa,https://tabelog.com/rvwr/sandogasa/
グルメ回転寿司 函太郎 宇賀浦本店,もっつ×もっつ(1719),002165725,https://tabelog.com/rvwr/002165725/
グルメ回転寿司 函太郎 宇賀浦本店,くのっちょ(1890),00024223,https://tabelog.com/rvwr/00024223/
グルメ回転寿司 函太郎 宇賀浦本店,琥太(290),000767026,https://tabelog.com/rvwr/000767026/
グルメ回転寿司 函太郎 宇賀浦本店,万事屋 あなん(270),002802979,https://tabelog.com/rvwr/002802979/
グルメ回転寿司 函太郎 宇賀浦本店,クラ僧(360),004223681,https://tabelog.com/rvwr/004223681/
グルメ回転寿司 函太郎 宇賀浦本店,howdo桃do(134),003164537,https://tabelog.com/rvwr/003164537/
グルメ回転寿司 函太郎 宇賀浦本店,Casual Gourmet Quest(2462),masahiko2013,https://tabelog.com/rvwr/masahiko2013/
グルメ回転寿司 函太郎 宇賀浦本店,chappytsum(600),chappytsum,https://tabelog.com/rvwr/chappytsum/
グルメ回転寿司 函太郎 宇賀浦本店,mafu(2046),000059831,https://tabelog.com/rvwr/000059831/
グルメ回転寿司 函太郎 宇賀浦本店,わたかつ(970),katsuhito,https://tabelog.com/rvwr/katsuhito/
グルメ回転寿司 函太郎 宇賀浦本店,まっくい(379),00005078,https://tabelog.com/rvwr/00005078/
グルメ回転寿司 函太郎 宇賀浦本店,裏山の寅さん(328),001873469,https://tabelog.com/rvwr/001873469/
グルメ回転寿司 函太郎 宇賀浦本店,30過ぎの道草王(1325),00046058,https://tabelog.com/rvwr/00046058/
グルメ回転寿司 函太郎 宇賀浦本店,の～の(534),000136168,https://tabelog.com/rvwr/000136168/
グルメ回転寿司 函太郎 宇賀浦本店,きょうかめ(2464),001803076,https://tabelog.com/rvwr/001803076/
グルメ回転寿司 函太郎 宇賀浦本店,kabo-cha(1606),001196582,https://tabelog.com/rvwr/001196582/
グルメ回転寿司 函太郎 宇賀浦本店,オカデンチ(1345),000576038,https://tabelog.com/rvwr/000576038/
グルメ回転寿司 函太郎 宇賀浦本店,kazuarugo(32),001315971,https://tabelog.com/rvwr/001315971/
グルメ回転寿司 函太郎 宇賀浦本店,じょー177(3),001239824,https://tabelog.com/rvwr/001239824/
グルメ回転寿司 函太郎 宇賀浦本店,toy*(6),002057993,https://tabelog.com/rvwr/002057993/
グルメ回転寿司 函太郎 宇賀浦本店,fero(19),000058715,https://tabelog.com/rvwr/000058715/
グルメ回転寿司 函太郎 宇賀浦本店,itoken46(287),001377716,https://tabelog.com/rvwr/001377716/
グルメ回転寿司 函太郎 宇賀浦本店,IT'S MY LIFE(7),000489852,https://tabelog.com/rvwr/000489852/
グルメ回転寿司 函太郎 宇賀浦本店,魔法の鏡(43),000293821,https://tabelog.com/rvwr/000293821/
グルメ回転寿司 函太郎 宇賀浦本店,めたぼ(1677),000055524,https://tabelog.com/rvwr/000055524/
グルメ回転寿司 函太郎 宇賀浦本店,katu_g3000(18),000147327,https://tabelog.com/rvwr/000147327/
グルメ回転寿司 函太郎 宇賀浦本店,waraton(1157),waraton,https://tabelog.com/rvwr/waraton/
グルメ回転寿司 函太郎 宇賀浦本店,びっくまん(71),000684171,https://tabelog.com/rvwr/000684171/
グルメ回転寿司 函太郎 宇賀浦本店,TeaRose(14),000153182,https://tabelog.com/rvwr/000153182/
グルメ回転寿司 函太郎 宇賀浦本店,ライオンエイト(74),000055477,https://tabelog.com/rvwr/000055477/
グルメ回転寿司 函太郎 宇賀浦本店,ともP(2),000252479,https://tabelog.com/rvwr/000252479/
グルメ回転寿司 函太郎 宇賀浦本店,Chako-san(46),018809576,https://tabelog.com/rvwr/018809576/
グルメ回転寿司 函太郎 宇賀浦本店,英⃝(6),019905065,https://tabelog.com/rvwr/019905065/
グルメ回転寿司 函太郎 宇賀浦本店,sweet-o-range(542),000485706,https://tabelog.com/rvwr/000485706/
グルメ回転寿司 函太郎 宇賀浦本店,MMM4(935),000529938,https://tabelog.com/rvwr/000529938/
グルメ回転寿司 函太郎 宇賀浦本店,ニシヤン2424(207),001546049,https://tabelog.com/rvwr/001546049/
グルメ回転寿司 函太郎 宇賀浦本店,toshi417916(3),011860291,https://tabelog.com/rvwr/011860291/
グルメ回転寿司 函太郎 宇賀浦本店,sakura0723(176),sakura0723,https://tabelog.com/rvwr/sakura0723/
グルメ回転寿司 函太郎 宇賀浦本店,あおすけ77(21),000774749,https://tabelog.com/rvwr/000774749/
グルメ回転寿司 函太郎 宇賀浦本店,あっとらんこ(1578),rankoranko,https://tabelog.com/rvwr/rankoranko/
グルメ回転寿司 函太郎 宇賀浦本店,愛羽(254),002936375,https://tabelog.com/rvwr/002936375/
グルメ回転寿司 函太郎 宇賀浦本店,Mark Ma(363),markma,https://tabelog.com/rvwr/markma/
グルメ回転寿司 函太郎 宇賀浦本店,いんげん4925(24),ingen4925,https://tabelog.com/rvwr/ingen4925/
グルメ回転寿司 函太郎 宇賀浦本店,パラダイス885366(7),009463528,https://tabelog.com/rvwr/009463528/
グルメ回転寿司 函太郎 宇賀浦本店,気まぐれミミィ(878),001790398,https://tabelog.com/rvwr/001790398/
グルメ回転寿司 函太郎 宇賀浦本店,テスラX(5),teslamodelx,https://tabelog.com/rvwr/teslamodelx/
グルメ回転寿司 函太郎 宇賀浦本店,達磨寅次郎(30),010192077,https://tabelog.com/rvwr/010192077/
グルメ回転寿司 函太郎 宇賀浦本店,まさちょん(249),00011979,https://tabelog.com/rvwr/00011979/
グルメ回転寿司 函太郎 宇賀浦本店,miots427(1218),tsunamayo,https://tabelog.com/rvwr/tsunamayo/
グルメ回転寿司 函太郎 宇賀浦本店,ラーメン大好き小港さん(76),002353730,https://tabelog.com/rvwr/002353730/
グルメ回転寿司 函太郎 宇賀浦本店,gunners06(44),007453803,https://tabelog.com/rvwr/007453803/
グルメ回転寿司 函太郎 宇賀浦本店,しらす757(2301),005736668,https://tabelog.com/rvwr/005736668/
グルメ回転寿司 函太郎 宇賀浦本店,ichi.262(114),007401618,https://tabelog.com/rvwr/007401618/
グルメ回転寿司 函太郎 宇賀浦本店,rogerhata(2),003109768,https://tabelog.com/rvwr/003109768/
グルメ回転寿司 函太郎 宇賀浦本店,touch_of_soul(11),00039776,https://tabelog.com/rvwr/00039776/
グルメ回転寿司 函太郎 宇賀浦本店,B'z@love.am(1085),000216524,https://tabelog.com/rvwr/000216524/
グルメ回転寿司 函太郎 宇賀浦本店,ひでまるカロリー(52),003399441,https://tabelog.com/rvwr/003399441/
グルメ回転寿司 函太郎 宇賀浦本店,テゾ(34),000187715,https://tabelog.com/rvwr/000187715/
グルメ回転寿司 函太郎 宇賀浦本店,ohkun(873),001593255,https://tabelog.com/rvwr/001593255/
グルメ回転寿司 函太郎 宇賀浦本店,coccinellaさん(1679),006227538,https://tabelog.com/rvwr/006227538/
グルメ回転寿司 函太郎 宇賀浦本店,ママりん924(32),002904584,https://tabelog.com/rvwr/002904584/
グルメ回転寿司 函太郎 宇賀浦本店,"fumi,n(518)",003361664,https://tabelog.com/rvwr/003361664/
グルメ回転寿司 函太郎 宇賀浦本店,とんかつカレー(0),004776934,https://tabelog.com/rvwr/004776934/
グルメ回転寿司 函太郎 宇賀浦本店,すごいもりもり(1267),000485853,https://tabelog.com/rvwr/000485853/
グルメ回転寿司 函太郎 宇賀浦本店,shopping(722),001113442,https://tabelog.com/rvwr/001113442/
グルメ回転寿司 函太郎 宇賀浦本店,ケルビーノ(37),kurochan,https://tabelog.com/rvwr/kurochan/
グルメ回転寿司 函太郎 宇賀浦本店,nabechawan(1341),001842213,https://tabelog.com/rvwr/001842213/
グルメ回転寿司 函太郎 宇賀浦本店,平成の聖闘士星矢(127),002219297,https://tabelog.com/rvwr/002219297/
グルメ回転寿司 函太郎 宇賀浦本店,gottu5223(188),003413915,https://tabelog.com/rvwr/003413915/
グルメ回転寿司 函太郎 宇賀浦本店,j25931(488),002821454,https://tabelog.com/rvwr/002821454/
グルメ回転寿司 函太郎 宇賀浦本店,tenvolg(12),002698912,https://tabelog.com/rvwr/002698912/
グルメ回転寿司 函太郎 宇賀浦本店,kougei(12),000207403,https://tabelog.com/rvwr/000207403/
グルメ回転寿司 函太郎 宇賀浦本店,ダニエル１８(18),002887188,https://tabelog.com/rvwr/002887188/
グルメ回転寿司 函太郎 宇賀浦本店,overthree(1950),overthree,https://tabelog.com/rvwr/overthree/
グルメ回転寿司 函太郎 宇賀浦本店,サンライズ・カシオペア(7),001840409,https://tabelog.com/rvwr/001840409/
グルメ回転寿司 函太郎 宇賀浦本店,プラチナ７(55),001689355,https://tabelog.com/rvwr/001689355/
グルメ回転寿司 函太郎 宇賀浦本店,ハクちん(8),001884854,https://tabelog.com/rvwr/001884854/
グルメ回転寿司 函太郎 宇賀浦本店,Cooにゃん(230),003861570,https://tabelog.com/rvwr/003861570/
グルメ回転寿司 函太郎 宇賀浦本店,あさんて(4660),000113770,https://tabelog.com/rvwr/000113770/
グルメ回転寿司 函太郎 宇賀浦本店,2丁目のキムラ(9),001469698,https://tabelog.com/rvwr/001469698/
グルメ回転寿司 函太郎 宇賀浦本店,メタボデラックス(7),000802821,https://tabelog.com/rvwr/000802821/
グルメ回転寿司 函太郎 宇賀浦本店,一道！(11),001113233,https://tabelog.com/rvwr/001113233/
グルメ回転寿司 函太郎 宇賀浦本店,ようこ.y(17),001103706,https://tabelog.com/rvwr/001103706/
グルメ回転寿司 函太郎 宇賀浦本店,ひいろＫｅｉ(2),keiworks,https://tabelog.com/rvwr/keiworks/
グルメ回転寿司 函太郎 宇賀浦本店,ロボタン(7),000136014,https://tabelog.com/rvwr/000136014/
グルメ回転寿司 函太郎 宇賀浦本店,DGD(3816),dgd,https://tabelog.com/rvwr/dgd/
グルメ回転寿司 函太郎 宇賀浦本店,1048n(1654),1048n,https://tabelog.com/rvwr/1048n/
グルメ回転寿司 函太郎 宇賀浦本店,@geha(7),ageha1231,https://tabelog.com/rvwr/ageha1231/
グルメ回転寿司 函太郎 宇賀浦本店,ゆうきん。(2),000877552,https://tabelog.com/rvwr/000877552/
グルメ回転寿司 函太郎 宇賀浦本店,super_kita3(28),001278099,https://tabelog.com/rvwr/001278099/
グルメ回転寿司 函太郎 宇賀浦本店,madmax55555(10),000060778,https://tabelog.com/rvwr/000060778/
グルメ回転寿司 函太郎 宇賀浦本店,onir-konir-ches(3),00009535,https://tabelog.com/rvwr/00009535/
グルメ回転寿司 函太郎 宇賀浦本店,たびだいすき(7),003247085,https://tabelog.com/rvwr/003247085/
グルメ回転寿司 函太郎 宇賀浦本店,chocola1(8),000717282,https://tabelog.com/rvwr/000717282/
グルメ回転寿司 函太郎 宇賀浦本店,rifujindaiou(7),000437521,https://tabelog.com/rvwr/000437521/
グルメ回転寿司 函太郎 宇賀浦本店,函館人(2),000053304,https://tabelog.com/rvwr/000053304/
グルメ回転寿司 函太郎 宇賀浦本店,morie55(0),009533223,https://tabelog.com/rvwr/009533223/
グルメ回転寿司 函太郎 宇賀浦本店,こうめ0121(0),002857864,https://tabelog.com/rvwr/002857864/
グルメ回転寿司 函太郎 宇賀浦本店,限界キモキモオタク(4),008507958,https://tabelog.com/rvwr/008507958/
グルメ回転寿司 函太郎 宇賀浦本店,ta&natu(3),015421947,https://tabelog.com/rvwr/015421947/
グルメ回転寿司 函太郎 宇賀浦本店,こめっこちゃんこ(0),011378033,https://tabelog.com/rvwr/011378033/
グルメ回転寿司 函太郎 宇賀浦本店,でっかい太陽(0),008985614,https://tabelog.com/rvwr/008985614/
グルメ回転寿司 函太郎 宇賀浦本店,ELF☆(2),008114937,https://tabelog.com/rvwr/008114937/
グルメ回転寿司 函太郎 宇賀浦本店,bata64(0),005709374,https://tabelog.com/rvwr/005709374/
グルメ回転寿司 函太郎 宇賀浦本店,尖ったピニャータ(4),011149690,https://tabelog.com/rvwr/011149690/
グルメ回転寿司 函太郎 宇賀浦本店,yuttan_14(129),003270687,https://tabelog.com/rvwr/003270687/
グルメ回転寿司 函太郎 宇賀浦本店,shigeo2929(1081),006663008,https://tabelog.com/rvwr/006663008/
グルメ回転寿司 函太郎 宇賀浦本店,むら29(4),002867307,https://tabelog.com/rvwr/002867307/
グルメ回転寿司 函太郎 宇賀浦本店,そんどんよる(1777),000378172,https://tabelog.com/rvwr/000378172/
グルメ回転寿司 函太郎 宇賀浦本店,木の子の国の人(0),007348378,https://tabelog.com/rvwr/007348378/
グルメ回転寿司 函太郎 宇賀浦本店,ぱむたろん(3),012746316,https://tabelog.com/rvwr/012746316/
グルメ回転寿司 函太郎 宇賀浦本店,しあわせさん♪(0),000334718,https://tabelog.com/rvwr/000334718/
グルメ回転寿司 函太郎 宇賀浦本店,miyamon0417(8),008870489,https://tabelog.com/rvwr/008870489/
グルメ回転寿司 函太郎 宇賀浦本店,harry515(0),006957684,https://tabelog.com/rvwr/006957684/
グルメ回転寿司 函太郎 宇賀浦本店,ＲＩＣＨ(42),001036656,https://tabelog.com/rvwr/001036656/
グルメ回転寿司 函太郎 宇賀浦本店,Hi-G(5),006201835,https://tabelog.com/rvwr/006201835/
グルメ回転寿司 函太郎 宇賀浦本店,コウ1989(0),002829362,https://tabelog.com/rvwr/002829362/
グルメ回転寿司 函太郎 宇賀浦本店,koedachan(0),003905680,https://tabelog.com/rvwr/003905680/
グルメ回転寿司 函太郎 宇賀浦本店,yttyyt(10),003483016,https://tabelog.com/rvwr/003483016/
グルメ回転寿司 函太郎 宇賀浦本店,ykh110389(6),001714610,https://tabelog.com/rvwr/001714610/
グルメ回転寿司 函太郎 宇賀浦本店,maron0805(2),018895231,https://tabelog.com/rvwr/018895231/
グルメ回転寿司 函太郎 宇賀浦本店,まろん0805(0),006385311,https://tabelog.com/rvwr/006385311/
グルメ回転寿司 函太郎 宇賀浦本店,I3ell(1),006867601,https://tabelog.com/rvwr/006867601/
グルメ回転寿司 函太郎 宇賀浦本店,a78a9e(2),014453423,https://tabelog.com/rvwr/014453423/
グルメ回転寿司 函太郎 宇賀浦本店,GOTSUWO(1),005027161,https://tabelog.com/rvwr/005027161/
グルメ回転寿司 函太郎 宇賀浦本店,ma_jp(16),003951544,https://tabelog.com/rvwr/003951544/
グルメ回転寿司 函太郎 宇賀浦本店,kumo-noshita(4),003046810,https://tabelog.com/rvwr/003046810/
グルメ回転寿司 函太郎 宇賀浦本店,飛んだ決まった(2376),000118559,https://tabelog.com/rvwr/000118559/
グルメ回転寿司 函太郎 宇賀浦本店,MtEbri(1),000061431,https://tabelog.com/rvwr/000061431/
グルメ回転寿司 函太郎 宇賀浦本店,pmbcg(29),010976285,https://tabelog.com/rvwr/010976285/
グルメ回転寿司 函太郎 宇賀浦本店,teiyo669(0),002001437,https://tabelog.com/rvwr/002001437/
グルメ回転寿司 函太郎 宇賀浦本店,＠ゆーいち(28),001416853,https://tabelog.com/rvwr/001416853/
グルメ回転寿司 函太郎 宇賀浦本店,キャサリン/(0),017351582,https://tabelog.com/rvwr/017351582/
グルメ回転寿司 函太郎 宇賀浦本店,rcradio(0),007712616,https://tabelog.com/rvwr/007712616/
グルメ回転寿司 函太郎 宇賀浦本店,cantaro(2),001952532,https://tabelog.com/rvwr/001952532/
グルメ回転寿司 函太郎 宇賀浦本店,メリメリ55(1),010295757,https://tabelog.com/rvwr/010295757/
グルメ回転寿司 函太郎 宇賀浦本店,satoru1496(5),006716869,https://tabelog.com/rvwr/006716869/
グルメ回転寿司 函太郎 宇賀浦本店,はやし しでき(6),002553704,https://tabelog.com/rvwr/002553704/
グルメ回転寿司 函太郎 宇賀浦本店,Prego(5),prego,https://tabelog.com/rvwr/prego/
グルメ回転寿司 函太郎 宇賀浦本店,パオ(1),003932872,https://tabelog.com/rvwr/003932872/
グルメ回転寿司 函太郎 宇賀浦本店,syr0220(81),008204692,https://tabelog.com/rvwr/008204692/
グルメ回転寿司 函太郎 宇賀浦本店,あざらし０号(0),009203060,https://tabelog.com/rvwr/009203060/
グルメ回転寿司 函太郎 宇賀浦本店,伝説の勇者ちっち(5),007977658,https://tabelog.com/rvwr/007977658/
グルメ回転寿司 函太郎 宇賀浦本店,higuma(99),000177845,https://tabelog.com/rvwr/000177845/
グルメ回転寿司 函太郎 宇賀浦本店,ひ一ぼ一(17),002418012,https://tabelog.com/rvwr/002418012/
グルメ回転寿司 函太郎 宇賀浦本店,kirari0u0(3),003818421,https://tabelog.com/rvwr/003818421/
グルメ回転寿司 函太郎 宇賀浦本店,ｈａｎａｂｉ.jp(58),008185937,https://tabelog.com/rvwr/008185937/
グルメ回転寿司 函太郎 宇賀浦本店,m-oka711(17),001963093,https://tabelog.com/rvwr/001963093/
グルメ回転寿司 函太郎 宇賀浦本店,しげじぃ(8),kamafune,https://tabelog.com/rvwr/kamafune/
グルメ回転寿司 函太郎 宇賀浦本店,Hiroe.K(3),003215717,https://tabelog.com/rvwr/003215717/
グルメ回転寿司 函太郎 宇賀浦本店,ＢＬＡＣＫｋｅｎｊｉ(0),002283077,https://tabelog.com/rvwr/002283077/
グルメ回転寿司 函太郎 宇賀浦本店,miiiii1158(1),003436721,https://tabelog.com/rvwr/003436721/
グルメ回転寿司 函太郎 宇賀浦本店,sapporo18(22),007810733,https://tabelog.com/rvwr/007810733/
グルメ回転寿司 函太郎 宇賀浦本店,おざわさん(30),000831482,https://tabelog.com/rvwr/000831482/
グルメ回転寿司 函太郎 宇賀浦本店,ohsamu(6),ohsamu,https://tabelog.com/rvwr/ohsamu/
グルメ回転寿司 函太郎 宇賀浦本店,funazushio(115),001801930,https://tabelog.com/rvwr/001801930/
グルメ回転寿司 函太郎 宇賀浦本店,tsubame9357(0),008274186,https://tabelog.com/rvwr/008274186/
グルメ回転寿司 函太郎 宇賀浦本店,やよつん(45),002849044,https://tabelog.com/rvwr/002849044/
グルメ回転寿司 函太郎 宇賀浦本店,えび剥き屋(1),009176132,https://tabelog.com/rvwr/009176132/
グルメ回転寿司 函太郎 宇賀浦本店,keeeiikooo(2),007027613,https://tabelog.com/rvwr/007027613/
グルメ回転寿司 函太郎 宇賀浦本店,marin-1986(4),010973069,https://tabelog.com/rvwr/010973069/
グルメ回転寿司 函太郎 宇賀浦本店,グルメレポ1429(42),008931004,https://tabelog.com/rvwr/008931004/
グルメ回転寿司 函太郎 宇賀浦本店,1997029(12),003533880,https://tabelog.com/rvwr/003533880/
グルメ回転寿司 函太郎 宇賀浦本店,じゅにちろー(1),001469986,https://tabelog.com/rvwr/001469986/
グルメ回転寿司 函太郎 宇賀浦本店,JINJHON(79),002803887,https://tabelog.com/rvwr/002803887/
グルメ回転寿司 函太郎 宇賀浦本店,333nan(5),004046583,https://tabelog.com/rvwr/004046583/
グルメ回転寿司 函太郎 宇賀浦本店,もんげ815(1),010161227,https://tabelog.com/rvwr/010161227/
グルメ回転寿司 函太郎 宇賀浦本店,yuichiro9620(1),005589488,https://tabelog.com/rvwr/005589488/
グルメ回転寿司 函太郎 宇賀浦本店,m.d.a(5),000469002,https://tabelog.com/rvwr/000469002/
グルメ回転寿司 函太郎 宇賀浦本店,ゆたぽんママ(1),000467778,https://tabelog.com/rvwr/000467778/
グルメ回転寿司 函太郎 宇賀浦本店,ドクトルぼん(75),003260659,https://tabelog.com/rvwr/003260659/
グルメ回転寿司 函太郎 宇賀浦本店,cpcta408(0),000603494,https://tabelog.com/rvwr/000603494/
グルメ回転寿司 函太郎 宇賀浦本店,shimbigot(13),000638476,https://tabelog.com/rvwr/000638476/
グルメ回転寿司 函太郎 宇賀浦本店,くわ さん99565(132),001848090,https://tabelog.com/rvwr/001848090/
グルメ回転寿司 函太郎 宇賀浦本店,umi.o718(1),006576138,https://tabelog.com/rvwr/006576138/
グルメ回転寿司 函太郎 宇賀浦本店,こまいた(10),000875374,https://tabelog.com/rvwr/000875374/
グルメ回転寿司 函太郎 宇賀浦本店,ひなまる0322(1),004292787,https://tabelog.com/rvwr/004292787/
グルメ回転寿司 函太郎 宇賀浦本店,できりん(52),000282034,https://tabelog.com/rvwr/000282034/
グルメ回転寿司 函太郎 宇賀浦本店,ゆーーきち(227),00043595,https://tabelog.com/rvwr/00043595/
グルメ回転寿司 函太郎 宇賀浦本店,岩ログ(374),iwalogfootprint,https://tabelog.com/rvwr/iwalogfootprint/
グルメ回転寿司 函太郎 宇賀浦本店,vasshu(0),004513038,https://tabelog.com/rvwr/004513038/
グルメ回転寿司 函太郎 宇賀浦本店,yummyco(18),001968817,https://tabelog.com/rvwr/001968817/
グルメ回転寿司 函太郎 宇賀浦本店,minnie0154(42),003898287,https://tabelog.com/rvwr/003898287/
グルメ回転寿司 函太郎 宇賀浦本店,sugitetsu(1),003390040,https://tabelog.com/rvwr/003390040/
グルメ回転寿司 函太郎 宇賀浦本店,Tommy green(0),005203997,https://tabelog.com/rvwr/005203997/
グルメ回転寿司 函太郎 宇賀浦本店,01masaa012000(1),003598806,https://tabelog.com/rvwr/003598806/
グルメ回転寿司 函太郎 宇賀浦本店,ykrちゃん(10),001846126,https://tabelog.com/rvwr/001846126/
グルメ回転寿司 函太郎 宇賀浦本店,matsuhisanavi(1),matsuhisanavi,https://tabelog.com/rvwr/matsuhisanavi/
グルメ回転寿司 函太郎 宇賀浦本店,とも三角(51),000544930,https://tabelog.com/rvwr/000544930/
グルメ回転寿司 函太郎 宇賀浦本店,ﾗｸﾞｾﾞ(20),000149500,https://tabelog.com/rvwr/000149500/
グルメ回転寿司 函太郎 宇賀浦本店,む224(0),002641568,https://tabelog.com/rvwr/002641568/
グルメ回転寿司 函太郎 宇賀浦本店,m_a_c(5),003213322,https://tabelog.com/rvwr/003213322/
グルメ回転寿司 函太郎 宇賀浦本店,呑み助の日記(84),000155889,https://tabelog.com/rvwr/000155889/
グルメ回転寿司 函太郎 宇賀浦本店,世界食堂(51),001347797,https://tabelog.com/rvwr/001347797/
グルメ回転寿司 函太郎 宇賀浦本店,エルモ1210(14),002074090,https://tabelog.com/rvwr/002074090/
グルメ回転寿司 函太郎 宇賀浦本店,BUCCIARATI  ROSSI(0),000363380,https://tabelog.com/rvwr/000363380/
グルメ回転寿司 函太郎 宇賀浦本店,ただいまキッチンに夢中(1),000742409,https://tabelog.com/rvwr/000742409/
グルメ回転寿司 函太郎 宇賀浦本店,れんごう(4),000259157,https://tabelog.com/rvwr/000259157/
グルメ回転寿司 函太郎 宇賀浦本店,acura(35),000185820,https://tabelog.com/rvwr/000185820/
グルメ回転寿司 函太郎 宇賀浦本店,美味しいダロウ(16),000352163,https://tabelog.com/rvwr/000352163/
グルメ回転寿司 函太郎 宇賀浦本店,道後らぶらぶ(429),001162122,https://tabelog.com/rvwr/001162122/
グルメ回転寿司 函太郎 宇賀浦本店,まねき猫ドック(5),000224854,https://tabelog.com/rvwr/000224854/
グルメ回転寿司 函太郎 宇賀浦本店,音マコ(0),000140872,https://tabelog.com/rvwr/000140872/
グルメ回転寿司 函太郎 宇賀浦本店,ハイジチャン(2),000159342,https://tabelog.com/rvwr/000159342/
グルメ回転寿司 函太郎 宇賀浦本店,みみずくみ(7),000118020,https://tabelog.com/rvwr/000118020/
グルメ回転寿司 函太郎 宇賀浦本店,asaty(0),asaty,https://tabelog.com/rvwr/asaty/
グルメ回転寿司 函太郎 宇賀浦本店,ビックミル(10),mil,https://tabelog.com/rvwr/mil/
グルメ回転寿司 函太郎 宇賀浦本店,ピンクのリボン(8),000102745,https://tabelog.com/rvwr/000102745/
グルメ回転寿司 函太郎 宇賀浦本店,ミントwaパンダ(3),00002520,https://tabelog.com/rvwr/00002520/
グルメ回転寿司 函太郎 宇賀浦本店,ちぃた(2),000063013,https://tabelog.com/rvwr/000063013/
グルメ回転寿司 函太郎 宇賀浦本店,よっぴー(2),000064121,https://tabelog.com/rvwr/000064121/
グルメ回転寿司 函太郎 宇賀浦本店,rururuる(2),00023549,https://tabelog.com/rvwr/00023549/
グルメ回転寿司 函太郎 宇賀浦本店,neoneo00(0),00033125,https://tabelog.com/rvwr/00033125/
グルメ回転寿司 函太郎 宇賀浦本店,リラ♪(0),00033201,https://tabelog.com/rvwr/00033201/
グルメ回転寿司 函太郎 宇賀浦本店,こまけん(13),55komaken,https://tabelog.com/rvwr/55komaken/
グルメ回転寿司 函太郎 宇賀浦本店,u_rotas(49),rotas,https://tabelog.com/rvwr/rotas/
グルメ回転寿司 函太郎 宇賀浦本店,ぺろりんじゃー(17),00024878,https://tabelog.com/rvwr/00024878/
グルメ回転寿司 函太郎 宇賀浦本店,mococo69(1),moco69hitsuji,https://tabelog.com/rvwr/moco69hitsuji/
グルメ回転寿司 函太郎 宇賀浦本店,たべもの放浪癖(1),00013893,https://tabelog.com/rvwr/00013893/
グルメ回転寿司 函太郎 宇賀浦本店,丸まさ(0),hailmasa,https://tabelog.com/rvwr/hailmasa/
グルメ回転寿司 函太郎 宇賀浦本店,紀華(6),norika,https://tabelog.com/rvwr/norika/
グルメ回転寿司 函太郎 宇賀浦本店,サクレクール(0),00025805,https://tabelog.com/rvwr/00025805/
グルメ回転寿司 函太郎 宇賀浦本店,沖田志郎(33),000636817,https://tabelog.com/rvwr/000636817/
グルメ回転寿司 函太郎 宇賀浦本店,☆CUBE☆(3),000406163,https://tabelog.com/rvwr/000406163/
グルメ回転寿司 函太郎 宇賀浦本店,なーさん0703(126),004363238,https://tabelog.com/rvwr/004363238/
グルメ回転寿司 函太郎 宇賀浦本店,hinat797(0),001295973,https://tabelog.com/rvwr/001295973/
グルメ回転寿司 函太郎 宇賀浦本店,KevinK(405),000402393,https://tabelog.com/rvwr/000402393/
グルメ回転寿司 函太郎 宇賀浦本店,080.2(0),002884321,https://tabelog.com/rvwr/002884321/
グルメ回転寿司 函太郎 宇賀浦本店,hiroALS(5),hiroals55,https://tabelog.com/rvwr/hiroals55/
グルメ回転寿司 函太郎 宇賀浦本店,yoko0319(0),009139831,https://tabelog.com/rvwr/009139831/
グルメ回転寿司 函太郎 宇賀浦本店,hisa19670320(0),002037375,https://tabelog.com/rvwr/002037375/
グルメ回転寿司 函太郎 宇賀浦本店,cattaro(1),000539824,https://tabelog.com/rvwr/000539824/
グルメ回転寿司 函太郎 宇賀浦本店,フレスコア(1),001113166,https://tabelog.com/rvwr/001113166/
